Lattice Timing Report -  Setup  and Hold, Version Radiant Software (64-bit) 2026.1.0.37.0

Sun Sep 13 22:21:25 2026

Copyright (c) 1991-1994 by NeoCAD Inc. All rights reserved.
Copyright (c) 1995 AT&T Corp.   All rights reserved.
Copyright (c) 1995-2001 Lucent Technologies Inc.  All rights reserved.
Copyright (c) 2001 Agere Systems   All rights reserved.
Copyright (c) 2002-2026 Lattice Semiconductor Corporation,  All rights reserved.

Command line:    timing -sethld -v 10 -u 10 -endpoints 10 -nperend 1 -sp High-Performance_1.2V -hsp m -pwrprd -html -rpt Lab2_impl_1.twr Lab2_impl_1.udb -gui -msgset C:/Users/thanderson/Documents/GitHub/E155-Lab2/fpga/Radiant_project/Lab2/promote.xml

-----------------------------------------
Design:          lab2_ta
Family:          iCE40UP
Device:          iCE40UP5K
Package:         SG48
Performance:     High-Performance_1.2V
Package Status:                     Preliminary    Version 1.5
**Performance Hardware Data Status :   Advanced Version 1.0
-----------------------------------------


=====================================================================
                    Table of Contents
=====================================================================
    1  Timing Overview
        1.1  SDC Constraints
        1.2  Constraint Coverage
        1.3  Overall Summary
        1.4  Unconstrained Report
        1.5  Combinational Loop
    2  Setup at Speed Grade High-Performance_1.2V Corner at 100 Degrees
        2.1  Clock Summary
        2.2  Endpoint slacks
        2.3  Detailed Report
    3  Hold at Speed Grade m Corner at -40 Degrees
        3.1  Endpoint slacks
        3.2  Detailed Report

=====================================================================
                    End of Table of Contents
=====================================================================

==============================================
1  Timing Overview
==============================================

1.1  SDC Constraints
=====================
create_clock -name {int_osc} -period 41.6667 [get_pins {hf_osc/CLKHF }] 

1.2  Constraint Coverage
---------------------------
Constraint Coverage: 59.0444%


1.3  Overall Summary
---------------------------
 Setup at Speed Grade High-Performance_1.2V Corner at 100 Degrees     Timing Errors: 0 endpoints;  Total Negative Slack: 0.000 ns 
 Hold at Speed Grade m Corner at -40 Degrees                          Timing Errors: 0 endpoints;  Total Negative Slack: 0.000 ns 

1.4  Unconstrained Report
===========================

1.4.1  Unconstrained Start/End Points
--------------------------------------

Clocked but unconstrained timing start points
--------------------------------------------------
There is no start point satisfying reporting criteria


Clocked but unconstrained timing end points
-------------------------------------------------------------------
         Listing 10 End Points          |           Type           
-------------------------------------------------------------------
{scan/count/counter__i7/SP   scan/count/counter__i6/SP}                           
                                        |           No arrival time
{scan/count/counter__i7/SR   scan/count/counter__i6/SR}                           
                                        |           No arrival time
{scan/count/counter__i5/SP   scan/count/counter__i4/SP}                           
                                        |           No arrival time
{scan/count/counter__i5/SR   scan/count/counter__i4/SR}                           
                                        |           No arrival time
{scan/count/counter__i3/SP   scan/count/counter__i2/SP}                           
                                        |           No arrival time
{scan/count/counter__i3/SR   scan/count/counter__i2/SR}                           
                                        |           No arrival time
{scan/count/counter__i0/SP   scan/count/counter__i1/SP}                           
                                        |           No arrival time
{scan/count/counter__i0/SR   scan/count/counter__i1/SR}                           
                                        |           No arrival time
{scan/count/counter__i11/SP   scan/count/counter__i10/SP}                           
                                        |           No arrival time
{scan/count/counter__i11/SR   scan/count/counter__i10/SR}                           
                                        |           No arrival time
-------------------------------------------------------------------
                                        |                          
Number of unconstrained timing end poin |                          
ts                                      |                        24
                                        |                          
-------------------------------------------------------------------

1.4.2  Start/End Points Without Timing Constraints
---------------------------------------------------

I/O ports without constraint
----------------------------
Possible constraints to use on I/O ports are:
set_input_delay,
set_output_delay,
set_max_delay,
create_clock,
create_generated_clock,
...

-------------------------------------------------------------------
     Listing 10 Start or End Points     |           Type           
-------------------------------------------------------------------
reset                                   |                     input
enable                                  |                     input
col[3]                                  |                     input
col[2]                                  |                     input
col[1]                                  |                     input
col[0]                                  |                     input
scanner[0]                              |                    output
led[3]                                  |                    output
led[2]                                  |                    output
led[1]                                  |                    output
-------------------------------------------------------------------
                                        |                          
Number of I/O ports without constraint  |                        14
                                        |                          
-------------------------------------------------------------------

Nets without clock definition
Define a clock on a top level port or a generated clock on a clock divider pin associated with this net(s).
--------------------------------------------------
There is no instance satisfying reporting criteria



1.5  Combinational Loop
========================
None

===============================================================
2  Setup at Speed Grade High-Performance_1.2V Corner at 100 Degrees
===============================================================

2.1  Clock Summary
=======================

2.1.1 Clock "int_osc"
=======================
create_clock -name {int_osc} -period 41.6667 [get_pins {hf_osc/CLKHF }] 

Single Clock Domain
-------------------------------------------------------------------------------------------------------
             Clock int_osc              |                    |       Period       |     Frequency      
-------------------------------------------------------------------------------------------------------
 From int_osc                           |             Target |          41.667 ns |         24.000 MHz 
                                        | Actual (all paths) |          20.792 ns |         48.095 MHz 
hf_osc/CLKHF (MPW)                      |   (50% duty cycle) |          20.792 ns |         48.095 MHz 
-------------------------------------------------------------------------------------------------------

Clock Domain Crossing

2.2  Endpoint slacks
=======================
-------------------------------------------------------
          Listing 10 End Points          |    Slack    
-------------------------------------------------------
scan/count/counter__i23/D                |   26.136 ns 
scan/count/counter__i22/D                |   26.586 ns 
scan/count/counter__i17/D                |   27.128 ns 
scan/count/counter__i19/D                |   27.128 ns 
scan/count/counter__i12/D                |   27.128 ns 
scan/count/counter__i21/D                |   27.128 ns 
scan/count/counter__i11/D                |   27.128 ns 
scan/count/counter__i3/D                 |   27.128 ns 
scan/count/counter__i5/D                 |   27.128 ns 
scan/count/counter__i7/D                 |   27.128 ns 
-------------------------------------------------------
                                         |             
Setup # of endpoints with negative slack:|           0 
                                         |             
-------------------------------------------------------

2.3  Detailed Report
=======================


XXXXXXXXXXXXXXXXXXXXXXXXXXXXXXXXXXXXXXXXXXXXXXXXXXXXXXXXXX

Detail report of critical paths

XXXXXXXXXXXXXXXXXXXXXXXXXXXXXXXXXXXXXXXXXXXXXXXXXXXXXXXXXX

+++++++++++++++++++++++++++++++++++++++++++++++++++++++++++++++++++++ 
                    Detailed Report for timing paths 
+++++++++++++++++++++++++++++++++++++++++++++++++++++++++++++++++++++ 

++++ Path 1 ++++++++++++++++++++++++++++++++++++++++++++++++++++++++++ 

Path Begin       : scan/count/counter__i0/Q  (SLICE_R15C3C)
Path End         : scan/count/counter__i23/D  (SLICE_R15C6A)
Source Clock     : int_osc (R)
Destination Clock: int_osc (R)
Logic Level      : 26
Delay Ratio      : 42.8% (route), 57.2% (logic)
Clock Skew       : 0.000 ns 
Setup Constraint : 41.666 ns 
Path Slack       : 26.135 ns  (Passed)


Source Clock Path
Name                                      Cell/Site Name     Delay Name           Incr      Arrival/Required Time  Fanout  
----------------------------------------  -----------------  -------------------  --------  ---------------------  ------  
hf_osc/CLKHF                              HFOSC_HFOSC_R1C32  CLOCK LATENCY           0.000                  0.000  13      
scan/count/int_osc                                           NET DELAY               5.499                  5.499  13      
{scan/count/counter__i0/CK   scan/count/counter__i1/CK}
                                                             CLOCK PIN               0.000                  5.499  1       


Data Path
Name                                      Cell/Site Name     Delay Name           Incr      Arrival/Required Time  Fanout  
----------------------------------------  -----------------  -------------------  --------  ---------------------  ------  
scan/count/counter__i0/CK->scan/count/counter__i0/Q
                                          SLICE_R15C3C       CLK_TO_Q0_DELAY         1.388                  6.887  2       
scan/count/counter[0]                                        NET DELAY               2.075                  8.962  2       
scan/count/add_11_add_5_1/B1->scan/count/add_11_add_5_1/CO1
                                          SLICE_R14C3A       B1_TO_COUT1_DELAY       0.357                  9.319  2       
scan/count/n772                                              NET DELAY               0.000                  9.319  2       
scan/count/add_11_add_5_3/CI0->scan/count/add_11_add_5_3/CO0
                                          SLICE_R14C3B       CIN0_TO_COUT0_DELAY     0.277                  9.596  2       
scan/count/n1190                                             NET DELAY               0.000                  9.596  2       
scan/count/add_11_add_5_3/CI1->scan/count/add_11_add_5_3/CO1
                                          SLICE_R14C3B       CIN1_TO_COUT1_DELAY     0.277                  9.873  2       
scan/count/n774                                              NET DELAY               0.000                  9.873  2       
scan/count/add_11_add_5_5/CI0->scan/count/add_11_add_5_5/CO0
                                          SLICE_R14C3C       CIN0_TO_COUT0_DELAY     0.277                 10.150  2       
scan/count/n1193                                             NET DELAY               0.000                 10.150  2       
scan/count/add_11_add_5_5/CI1->scan/count/add_11_add_5_5/CO1
                                          SLICE_R14C3C       CIN1_TO_COUT1_DELAY     0.277                 10.427  2       
scan/count/n776                                              NET DELAY               0.000                 10.427  2       
scan/count/add_11_add_5_7/CI0->scan/count/add_11_add_5_7/CO0
                                          SLICE_R14C3D       CIN0_TO_COUT0_DELAY     0.277                 10.704  2       
scan/count/n1196                                             NET DELAY               0.000                 10.704  2       
scan/count/add_11_add_5_7/CI1->scan/count/add_11_add_5_7/CO1
                                          SLICE_R14C3D       CIN1_TO_COUT1_DELAY     0.277                 10.981  2       
scan/count/n778                                              NET DELAY               0.555                 11.536  2       
scan/count/add_11_add_5_9/CI0->scan/count/add_11_add_5_9/CO0
                                          SLICE_R14C4A       CIN0_TO_COUT0_DELAY     0.277                 11.813  2       
scan/count/n1199                                             NET DELAY               0.000                 11.813  2       
scan/count/add_11_add_5_9/CI1->scan/count/add_11_add_5_9/CO1
                                          SLICE_R14C4A       CIN1_TO_COUT1_DELAY     0.277                 12.090  2       
scan/count/n780                                              NET DELAY               0.000                 12.090  2       
scan/count/add_11_add_5_11/CI0->scan/count/add_11_add_5_11/CO0
                                          SLICE_R14C4B       CIN0_TO_COUT0_DELAY     0.277                 12.367  2       
scan/count/n1202                                             NET DELAY               0.000                 12.367  2       
scan/count/add_11_add_5_11/CI1->scan/count/add_11_add_5_11/CO1
                                          SLICE_R14C4B       CIN1_TO_COUT1_DELAY     0.277                 12.644  2       
scan/count/n782                                              NET DELAY               0.000                 12.644  2       
scan/count/add_11_add_5_13/CI0->scan/count/add_11_add_5_13/CO0
                                          SLICE_R14C4C       CIN0_TO_COUT0_DELAY     0.277                 12.921  2       
scan/count/n1205                                             NET DELAY               0.000                 12.921  2       
scan/count/add_11_add_5_13/CI1->scan/count/add_11_add_5_13/CO1
                                          SLICE_R14C4C       CIN1_TO_COUT1_DELAY     0.277                 13.198  2       
scan/count/n784                                              NET DELAY               0.000                 13.198  2       
scan/count/add_11_add_5_15/CI0->scan/count/add_11_add_5_15/CO0
                                          SLICE_R14C4D       CIN0_TO_COUT0_DELAY     0.277                 13.475  2       
scan/count/n1208                                             NET DELAY               0.000                 13.475  2       
scan/count/add_11_add_5_15/CI1->scan/count/add_11_add_5_15/CO1
                                          SLICE_R14C4D       CIN1_TO_COUT1_DELAY     0.277                 13.752  2       
scan/count/n786                                              NET DELAY               0.555                 14.307  2       
scan/count/add_11_add_5_17/CI0->scan/count/add_11_add_5_17/CO0
                                          SLICE_R14C5A       CIN0_TO_COUT0_DELAY     0.277                 14.584  2       
scan/count/n1211                                             NET DELAY               0.000                 14.584  2       
scan/count/add_11_add_5_17/CI1->scan/count/add_11_add_5_17/CO1
                                          SLICE_R14C5A       CIN1_TO_COUT1_DELAY     0.277                 14.861  2       
scan/count/n788                                              NET DELAY               0.000                 14.861  2       
scan/count/add_11_add_5_19/CI0->scan/count/add_11_add_5_19/CO0
                                          SLICE_R14C5B       CIN0_TO_COUT0_DELAY     0.277                 15.138  2       
scan/count/n1214                                             NET DELAY               0.000                 15.138  2       
scan/count/add_11_add_5_19/CI1->scan/count/add_11_add_5_19/CO1
                                          SLICE_R14C5B       CIN1_TO_COUT1_DELAY     0.277                 15.415  2       
scan/count/n790                                              NET DELAY               0.000                 15.415  2       
scan/count/add_11_add_5_21/CI0->scan/count/add_11_add_5_21/CO0
                                          SLICE_R14C5C       CIN0_TO_COUT0_DELAY     0.277                 15.692  2       
scan/count/n1217                                             NET DELAY               0.000                 15.692  2       
scan/count/add_11_add_5_21/CI1->scan/count/add_11_add_5_21/CO1
                                          SLICE_R14C5C       CIN1_TO_COUT1_DELAY     0.277                 15.969  2       
scan/count/n792                                              NET DELAY               0.000                 15.969  2       
scan/count/add_11_add_5_23/CI0->scan/count/add_11_add_5_23/CO0
                                          SLICE_R14C5D       CIN0_TO_COUT0_DELAY     0.277                 16.246  2       
scan/count/n1220                                             NET DELAY               0.000                 16.246  2       
scan/count/add_11_add_5_23/CI1->scan/count/add_11_add_5_23/CO1
                                          SLICE_R14C5D       CIN1_TO_COUT1_DELAY     0.277                 16.523  2       
scan/count/n794                                              NET DELAY               1.216                 17.739  2       
scan/count/add_11_add_5_25/D0->scan/count/add_11_add_5_25/S0
                                          SLICE_R14C6A       D0_TO_F0_DELAY          0.449                 18.188  1       
scan/count/n127[23]                                          NET DELAY               2.168                 20.356  1       
scan/count/i475_2_lut/A->scan/count/i475_2_lut/Z
                                          SLICE_R15C6A       D0_TO_F0_DELAY          0.476                 20.832  1       
scan/count/n39[23]                                           NET DELAY               0.000                 20.832  1       
scan/count/counter__i23/D                                    ENDPOINT                0.000                 20.832  1       


Destination Clock Path
Name                                      Cell/Site Name     Delay Name           Incr      Arrival/Required Time  Fanout  
----------------------------------------  -----------------  -------------------  --------  ---------------------  ------  
                                                             CONSTRAINT              0.000                 41.666  1       
hf_osc/CLKHF                              HFOSC_HFOSC_R1C32  CLOCK LATENCY           0.000                 41.666  13      
scan/count/int_osc                                           NET DELAY               5.499                 47.165  13      
{scan/count/counter__i23/CK   scan/count/counter__i22/CK}
                                                             CLOCK PIN               0.000                 47.165  1       
                                                             Uncertainty          -(0.000)                 47.165  
                                                             Setup time           -(0.198)                 46.967  
----------------------------------------  -----------------  -------------------  --------  ---------------------  ------  
Required Time                                                                                              46.967  
Arrival Time                                                                                            -(20.831)  
----------------------------------------  -----------------  -------------------  --------  ---------------------  ------  
Path Slack  (Passed)                                                                                       26.135  




++++ Path 2 ++++++++++++++++++++++++++++++++++++++++++++++++++++++++++ 

Path Begin       : scan/count/counter__i1/Q  (SLICE_R15C3C)
Path End         : scan/count/counter__i22/D  (SLICE_R15C6A)
Source Clock     : int_osc (R)
Destination Clock: int_osc (R)
Logic Level      : 5
Delay Ratio      : 78.4% (route), 21.6% (logic)
Clock Skew       : 0.000 ns 
Setup Constraint : 41.666 ns 
Path Slack       : 26.585 ns  (Passed)


Source Clock Path
Name                                      Cell/Site Name     Delay Name       Incr      Arrival/Required Time  Fanout  
----------------------------------------  -----------------  ---------------  --------  ---------------------  ------  
hf_osc/CLKHF                              HFOSC_HFOSC_R1C32  CLOCK LATENCY       0.000                  0.000  13      
scan/count/int_osc                                           NET DELAY           5.499                  5.499  13      
{scan/count/counter__i0/CK   scan/count/counter__i1/CK}
                                                             CLOCK PIN           0.000                  5.499  1       


Data Path
Name                                      Cell/Site Name     Delay Name       Incr      Arrival/Required Time  Fanout  
----------------------------------------  -----------------  ---------------  --------  ---------------------  ------  
scan/count/counter__i1/CK->scan/count/counter__i1/Q
                                          SLICE_R15C3C       CLK_TO_Q1_DELAY     1.388                  6.887  2       
scan/count/counter[1]                                        NET DELAY           2.353                  9.240  2       
scan/count/i881_2_lut/A->scan/count/i881_2_lut/Z
                                          SLICE_R16C5D       D0_TO_F0_DELAY      0.449                  9.689  1       
scan/count/n976                                              NET DELAY           3.146                 12.835  1       
scan/count/i889_4_lut/C->scan/count/i889_4_lut/Z
                                          SLICE_R16C3D       A1_TO_F1_DELAY      0.449                 13.284  1       
scan/count/n984                                              NET DELAY           2.551                 15.835  1       
scan/count/i1_4_lut/C->scan/count/i1_4_lut/Z
                                          SLICE_R16C4B       A1_TO_F1_DELAY      0.449                 16.284  24      
scan/count/n47                                               NET DELAY           3.622                 19.906  24      
scan/count/i476_2_lut/B->scan/count/i476_2_lut/Z
                                          SLICE_R15C6A       C1_TO_F1_DELAY      0.476                 20.382  1       
scan/count/n39[22]                                           NET DELAY           0.000                 20.382  1       
scan/count/counter__i22/D                                    ENDPOINT            0.000                 20.382  1       


Destination Clock Path
Name                                      Cell/Site Name     Delay Name       Incr      Arrival/Required Time  Fanout  
----------------------------------------  -----------------  ---------------  --------  ---------------------  ------  
                                                             CONSTRAINT          0.000                 41.666  1       
hf_osc/CLKHF                              HFOSC_HFOSC_R1C32  CLOCK LATENCY       0.000                 41.666  13      
scan/count/int_osc                                           NET DELAY           5.499                 47.165  13      
{scan/count/counter__i23/CK   scan/count/counter__i22/CK}
                                                             CLOCK PIN           0.000                 47.165  1       
                                                             Uncertainty      -(0.000)                 47.165  
                                                             Setup time       -(0.198)                 46.967  
----------------------------------------  -----------------  ---------------  --------  ---------------------  ------  
Required Time                                                                                          46.967  
Arrival Time                                                                                        -(20.381)  
----------------------------------------  -----------------  ---------------  --------  ---------------------  ------  
Path Slack  (Passed)                                                                                   26.585  




++++ Path 3 ++++++++++++++++++++++++++++++++++++++++++++++++++++++++++ 

Path Begin       : scan/count/counter__i1/Q  (SLICE_R15C3C)
Path End         : scan/count/counter__i17/D  (SLICE_R15C5B)
Source Clock     : int_osc (R)
Destination Clock: int_osc (R)
Logic Level      : 5
Delay Ratio      : 77.6% (route), 22.4% (logic)
Clock Skew       : 0.000 ns 
Setup Constraint : 41.666 ns 
Path Slack       : 27.127 ns  (Passed)


Source Clock Path
Name                                      Cell/Site Name     Delay Name       Incr      Arrival/Required Time  Fanout  
----------------------------------------  -----------------  ---------------  --------  ---------------------  ------  
hf_osc/CLKHF                              HFOSC_HFOSC_R1C32  CLOCK LATENCY       0.000                  0.000  13      
scan/count/int_osc                                           NET DELAY           5.499                  5.499  13      
{scan/count/counter__i0/CK   scan/count/counter__i1/CK}
                                                             CLOCK PIN           0.000                  5.499  1       


Data Path
Name                                      Cell/Site Name     Delay Name       Incr      Arrival/Required Time  Fanout  
----------------------------------------  -----------------  ---------------  --------  ---------------------  ------  
scan/count/counter__i1/CK->scan/count/counter__i1/Q
                                          SLICE_R15C3C       CLK_TO_Q1_DELAY     1.388                  6.887  2       
scan/count/counter[1]                                        NET DELAY           2.353                  9.240  2       
scan/count/i881_2_lut/A->scan/count/i881_2_lut/Z
                                          SLICE_R16C5D       D0_TO_F0_DELAY      0.449                  9.689  1       
scan/count/n976                                              NET DELAY           3.146                 12.835  1       
scan/count/i889_4_lut/C->scan/count/i889_4_lut/Z
                                          SLICE_R16C3D       A1_TO_F1_DELAY      0.449                 13.284  1       
scan/count/n984                                              NET DELAY           2.551                 15.835  1       
scan/count/i1_4_lut/C->scan/count/i1_4_lut/Z
                                          SLICE_R16C4B       A1_TO_F1_DELAY      0.449                 16.284  24      
scan/count/n47                                               NET DELAY           3.080                 19.364  24      
scan/count/i484_2_lut/B->scan/count/i484_2_lut/Z
                                          SLICE_R15C5B       B0_TO_F0_DELAY      0.476                 19.840  1       
scan/count/n39[17]                                           NET DELAY           0.000                 19.840  1       
scan/count/counter__i17/D                                    ENDPOINT            0.000                 19.840  1       


Destination Clock Path
Name                                      Cell/Site Name     Delay Name       Incr      Arrival/Required Time  Fanout  
----------------------------------------  -----------------  ---------------  --------  ---------------------  ------  
                                                             CONSTRAINT          0.000                 41.666  1       
hf_osc/CLKHF                              HFOSC_HFOSC_R1C32  CLOCK LATENCY       0.000                 41.666  13      
scan/count/int_osc                                           NET DELAY           5.499                 47.165  13      
{scan/count/counter__i17/CK   scan/count/counter__i16/CK}
                                                             CLOCK PIN           0.000                 47.165  1       
                                                             Uncertainty      -(0.000)                 47.165  
                                                             Setup time       -(0.198)                 46.967  
----------------------------------------  -----------------  ---------------  --------  ---------------------  ------  
Required Time                                                                                          46.967  
Arrival Time                                                                                        -(19.839)  
----------------------------------------  -----------------  ---------------  --------  ---------------------  ------  
Path Slack  (Passed)                                                                                   27.127  




++++ Path 4 ++++++++++++++++++++++++++++++++++++++++++++++++++++++++++ 

Path Begin       : scan/count/counter__i1/Q  (SLICE_R15C3C)
Path End         : scan/count/counter__i19/D  (SLICE_R15C5C)
Source Clock     : int_osc (R)
Destination Clock: int_osc (R)
Logic Level      : 5
Delay Ratio      : 77.6% (route), 22.4% (logic)
Clock Skew       : 0.000 ns 
Setup Constraint : 41.666 ns 
Path Slack       : 27.127 ns  (Passed)


Source Clock Path
Name                                      Cell/Site Name     Delay Name       Incr      Arrival/Required Time  Fanout  
----------------------------------------  -----------------  ---------------  --------  ---------------------  ------  
hf_osc/CLKHF                              HFOSC_HFOSC_R1C32  CLOCK LATENCY       0.000                  0.000  13      
scan/count/int_osc                                           NET DELAY           5.499                  5.499  13      
{scan/count/counter__i0/CK   scan/count/counter__i1/CK}
                                                             CLOCK PIN           0.000                  5.499  1       


Data Path
Name                                      Cell/Site Name     Delay Name       Incr      Arrival/Required Time  Fanout  
----------------------------------------  -----------------  ---------------  --------  ---------------------  ------  
scan/count/counter__i1/CK->scan/count/counter__i1/Q
                                          SLICE_R15C3C       CLK_TO_Q1_DELAY     1.388                  6.887  2       
scan/count/counter[1]                                        NET DELAY           2.353                  9.240  2       
scan/count/i881_2_lut/A->scan/count/i881_2_lut/Z
                                          SLICE_R16C5D       D0_TO_F0_DELAY      0.449                  9.689  1       
scan/count/n976                                              NET DELAY           3.146                 12.835  1       
scan/count/i889_4_lut/C->scan/count/i889_4_lut/Z
                                          SLICE_R16C3D       A1_TO_F1_DELAY      0.449                 13.284  1       
scan/count/n984                                              NET DELAY           2.551                 15.835  1       
scan/count/i1_4_lut/C->scan/count/i1_4_lut/Z
                                          SLICE_R16C4B       A1_TO_F1_DELAY      0.449                 16.284  24      
scan/count/n47                                               NET DELAY           3.080                 19.364  24      
scan/count/i482_2_lut/B->scan/count/i482_2_lut/Z
                                          SLICE_R15C5C       B0_TO_F0_DELAY      0.476                 19.840  1       
scan/count/n39[19]                                           NET DELAY           0.000                 19.840  1       
scan/count/counter__i19/D                                    ENDPOINT            0.000                 19.840  1       


Destination Clock Path
Name                                      Cell/Site Name     Delay Name       Incr      Arrival/Required Time  Fanout  
----------------------------------------  -----------------  ---------------  --------  ---------------------  ------  
                                                             CONSTRAINT          0.000                 41.666  1       
hf_osc/CLKHF                              HFOSC_HFOSC_R1C32  CLOCK LATENCY       0.000                 41.666  13      
scan/count/int_osc                                           NET DELAY           5.499                 47.165  13      
{scan/count/counter__i19/CK   scan/count/counter__i18/CK}
                                                             CLOCK PIN           0.000                 47.165  1       
                                                             Uncertainty      -(0.000)                 47.165  
                                                             Setup time       -(0.198)                 46.967  
----------------------------------------  -----------------  ---------------  --------  ---------------------  ------  
Required Time                                                                                          46.967  
Arrival Time                                                                                        -(19.839)  
----------------------------------------  -----------------  ---------------  --------  ---------------------  ------  
Path Slack  (Passed)                                                                                   27.127  




++++ Path 5 ++++++++++++++++++++++++++++++++++++++++++++++++++++++++++ 

Path Begin       : scan/count/counter__i1/Q  (SLICE_R15C3C)
Path End         : scan/count/counter__i12/D  (SLICE_R15C4D)
Source Clock     : int_osc (R)
Destination Clock: int_osc (R)
Logic Level      : 5
Delay Ratio      : 77.6% (route), 22.4% (logic)
Clock Skew       : 0.000 ns 
Setup Constraint : 41.666 ns 
Path Slack       : 27.127 ns  (Passed)


Source Clock Path
Name                                      Cell/Site Name     Delay Name       Incr      Arrival/Required Time  Fanout  
----------------------------------------  -----------------  ---------------  --------  ---------------------  ------  
hf_osc/CLKHF                              HFOSC_HFOSC_R1C32  CLOCK LATENCY       0.000                  0.000  13      
scan/count/int_osc                                           NET DELAY           5.499                  5.499  13      
{scan/count/counter__i0/CK   scan/count/counter__i1/CK}
                                                             CLOCK PIN           0.000                  5.499  1       


Data Path
Name                                      Cell/Site Name     Delay Name       Incr      Arrival/Required Time  Fanout  
----------------------------------------  -----------------  ---------------  --------  ---------------------  ------  
scan/count/counter__i1/CK->scan/count/counter__i1/Q
                                          SLICE_R15C3C       CLK_TO_Q1_DELAY     1.388                  6.887  2       
scan/count/counter[1]                                        NET DELAY           2.353                  9.240  2       
scan/count/i881_2_lut/A->scan/count/i881_2_lut/Z
                                          SLICE_R16C5D       D0_TO_F0_DELAY      0.449                  9.689  1       
scan/count/n976                                              NET DELAY           3.146                 12.835  1       
scan/count/i889_4_lut/C->scan/count/i889_4_lut/Z
                                          SLICE_R16C3D       A1_TO_F1_DELAY      0.449                 13.284  1       
scan/count/n984                                              NET DELAY           2.551                 15.835  1       
scan/count/i1_4_lut/C->scan/count/i1_4_lut/Z
                                          SLICE_R16C4B       A1_TO_F1_DELAY      0.449                 16.284  24      
scan/count/n47                                               NET DELAY           3.080                 19.364  24      
scan/count/i496_2_lut/B->scan/count/i496_2_lut/Z
                                          SLICE_R15C4D       B0_TO_F0_DELAY      0.476                 19.840  1       
scan/count/n39[12]                                           NET DELAY           0.000                 19.840  1       
scan/count/counter__i12/D                                    ENDPOINT            0.000                 19.840  1       


Destination Clock Path
Name                                      Cell/Site Name     Delay Name       Incr      Arrival/Required Time  Fanout  
----------------------------------------  -----------------  ---------------  --------  ---------------------  ------  
                                                             CONSTRAINT          0.000                 41.666  1       
hf_osc/CLKHF                              HFOSC_HFOSC_R1C32  CLOCK LATENCY       0.000                 41.666  13      
scan/count/int_osc                                           NET DELAY           5.499                 47.165  13      
{scan/count/counter__i12/CK   scan/count/counter__i13/CK}
                                                             CLOCK PIN           0.000                 47.165  1       
                                                             Uncertainty      -(0.000)                 47.165  
                                                             Setup time       -(0.198)                 46.967  
----------------------------------------  -----------------  ---------------  --------  ---------------------  ------  
Required Time                                                                                          46.967  
Arrival Time                                                                                        -(19.839)  
----------------------------------------  -----------------  ---------------  --------  ---------------------  ------  
Path Slack  (Passed)                                                                                   27.127  




++++ Path 6 ++++++++++++++++++++++++++++++++++++++++++++++++++++++++++ 

Path Begin       : scan/count/counter__i1/Q  (SLICE_R15C3C)
Path End         : scan/count/counter__i21/D  (SLICE_R15C5D)
Source Clock     : int_osc (R)
Destination Clock: int_osc (R)
Logic Level      : 5
Delay Ratio      : 77.6% (route), 22.4% (logic)
Clock Skew       : 0.000 ns 
Setup Constraint : 41.666 ns 
Path Slack       : 27.127 ns  (Passed)


Source Clock Path
Name                                      Cell/Site Name     Delay Name       Incr      Arrival/Required Time  Fanout  
----------------------------------------  -----------------  ---------------  --------  ---------------------  ------  
hf_osc/CLKHF                              HFOSC_HFOSC_R1C32  CLOCK LATENCY       0.000                  0.000  13      
scan/count/int_osc                                           NET DELAY           5.499                  5.499  13      
{scan/count/counter__i0/CK   scan/count/counter__i1/CK}
                                                             CLOCK PIN           0.000                  5.499  1       


Data Path
Name                                      Cell/Site Name     Delay Name       Incr      Arrival/Required Time  Fanout  
----------------------------------------  -----------------  ---------------  --------  ---------------------  ------  
scan/count/counter__i1/CK->scan/count/counter__i1/Q
                                          SLICE_R15C3C       CLK_TO_Q1_DELAY     1.388                  6.887  2       
scan/count/counter[1]                                        NET DELAY           2.353                  9.240  2       
scan/count/i881_2_lut/A->scan/count/i881_2_lut/Z
                                          SLICE_R16C5D       D0_TO_F0_DELAY      0.449                  9.689  1       
scan/count/n976                                              NET DELAY           3.146                 12.835  1       
scan/count/i889_4_lut/C->scan/count/i889_4_lut/Z
                                          SLICE_R16C3D       A1_TO_F1_DELAY      0.449                 13.284  1       
scan/count/n984                                              NET DELAY           2.551                 15.835  1       
scan/count/i1_4_lut/C->scan/count/i1_4_lut/Z
                                          SLICE_R16C4B       A1_TO_F1_DELAY      0.449                 16.284  24      
scan/count/n47                                               NET DELAY           3.080                 19.364  24      
scan/count/i478_2_lut/B->scan/count/i478_2_lut/Z
                                          SLICE_R15C5D       B0_TO_F0_DELAY      0.476                 19.840  1       
scan/count/n39[21]                                           NET DELAY           0.000                 19.840  1       
scan/count/counter__i21/D                                    ENDPOINT            0.000                 19.840  1       


Destination Clock Path
Name                                      Cell/Site Name     Delay Name       Incr      Arrival/Required Time  Fanout  
----------------------------------------  -----------------  ---------------  --------  ---------------------  ------  
                                                             CONSTRAINT          0.000                 41.666  1       
hf_osc/CLKHF                              HFOSC_HFOSC_R1C32  CLOCK LATENCY       0.000                 41.666  13      
scan/count/int_osc                                           NET DELAY           5.499                 47.165  13      
{scan/count/counter__i21/CK   scan/count/counter__i20/CK}
                                                             CLOCK PIN           0.000                 47.165  1       
                                                             Uncertainty      -(0.000)                 47.165  
                                                             Setup time       -(0.198)                 46.967  
----------------------------------------  -----------------  ---------------  --------  ---------------------  ------  
Required Time                                                                                          46.967  
Arrival Time                                                                                        -(19.839)  
----------------------------------------  -----------------  ---------------  --------  ---------------------  ------  
Path Slack  (Passed)                                                                                   27.127  




++++ Path 7 ++++++++++++++++++++++++++++++++++++++++++++++++++++++++++ 

Path Begin       : scan/count/counter__i1/Q  (SLICE_R15C3C)
Path End         : scan/count/counter__i11/D  (SLICE_R15C4A)
Source Clock     : int_osc (R)
Destination Clock: int_osc (R)
Logic Level      : 5
Delay Ratio      : 77.6% (route), 22.4% (logic)
Clock Skew       : 0.000 ns 
Setup Constraint : 41.666 ns 
Path Slack       : 27.127 ns  (Passed)


Source Clock Path
Name                                      Cell/Site Name     Delay Name       Incr      Arrival/Required Time  Fanout  
----------------------------------------  -----------------  ---------------  --------  ---------------------  ------  
hf_osc/CLKHF                              HFOSC_HFOSC_R1C32  CLOCK LATENCY       0.000                  0.000  13      
scan/count/int_osc                                           NET DELAY           5.499                  5.499  13      
{scan/count/counter__i0/CK   scan/count/counter__i1/CK}
                                                             CLOCK PIN           0.000                  5.499  1       


Data Path
Name                                      Cell/Site Name     Delay Name       Incr      Arrival/Required Time  Fanout  
----------------------------------------  -----------------  ---------------  --------  ---------------------  ------  
scan/count/counter__i1/CK->scan/count/counter__i1/Q
                                          SLICE_R15C3C       CLK_TO_Q1_DELAY     1.388                  6.887  2       
scan/count/counter[1]                                        NET DELAY           2.353                  9.240  2       
scan/count/i881_2_lut/A->scan/count/i881_2_lut/Z
                                          SLICE_R16C5D       D0_TO_F0_DELAY      0.449                  9.689  1       
scan/count/n976                                              NET DELAY           3.146                 12.835  1       
scan/count/i889_4_lut/C->scan/count/i889_4_lut/Z
                                          SLICE_R16C3D       A1_TO_F1_DELAY      0.449                 13.284  1       
scan/count/n984                                              NET DELAY           2.551                 15.835  1       
scan/count/i1_4_lut/C->scan/count/i1_4_lut/Z
                                          SLICE_R16C4B       A1_TO_F1_DELAY      0.449                 16.284  24      
scan/count/n47                                               NET DELAY           3.080                 19.364  24      
scan/count/i497_2_lut/B->scan/count/i497_2_lut/Z
                                          SLICE_R15C4A       B0_TO_F0_DELAY      0.476                 19.840  1       
scan/count/n39[11]                                           NET DELAY           0.000                 19.840  1       
scan/count/counter__i11/D                                    ENDPOINT            0.000                 19.840  1       


Destination Clock Path
Name                                      Cell/Site Name     Delay Name       Incr      Arrival/Required Time  Fanout  
----------------------------------------  -----------------  ---------------  --------  ---------------------  ------  
                                                             CONSTRAINT          0.000                 41.666  1       
hf_osc/CLKHF                              HFOSC_HFOSC_R1C32  CLOCK LATENCY       0.000                 41.666  13      
scan/count/int_osc                                           NET DELAY           5.499                 47.165  13      
{scan/count/counter__i11/CK   scan/count/counter__i10/CK}
                                                             CLOCK PIN           0.000                 47.165  1       
                                                             Uncertainty      -(0.000)                 47.165  
                                                             Setup time       -(0.198)                 46.967  
----------------------------------------  -----------------  ---------------  --------  ---------------------  ------  
Required Time                                                                                          46.967  
Arrival Time                                                                                        -(19.839)  
----------------------------------------  -----------------  ---------------  --------  ---------------------  ------  
Path Slack  (Passed)                                                                                   27.127  




++++ Path 8 ++++++++++++++++++++++++++++++++++++++++++++++++++++++++++ 

Path Begin       : scan/count/counter__i1/Q  (SLICE_R15C3C)
Path End         : scan/count/counter__i3/D  (SLICE_R15C3D)
Source Clock     : int_osc (R)
Destination Clock: int_osc (R)
Logic Level      : 5
Delay Ratio      : 77.6% (route), 22.4% (logic)
Clock Skew       : 0.000 ns 
Setup Constraint : 41.666 ns 
Path Slack       : 27.127 ns  (Passed)


Source Clock Path
Name                                      Cell/Site Name     Delay Name       Incr      Arrival/Required Time  Fanout  
----------------------------------------  -----------------  ---------------  --------  ---------------------  ------  
hf_osc/CLKHF                              HFOSC_HFOSC_R1C32  CLOCK LATENCY       0.000                  0.000  13      
scan/count/int_osc                                           NET DELAY           5.499                  5.499  13      
{scan/count/counter__i0/CK   scan/count/counter__i1/CK}
                                                             CLOCK PIN           0.000                  5.499  1       


Data Path
Name                                      Cell/Site Name     Delay Name       Incr      Arrival/Required Time  Fanout  
----------------------------------------  -----------------  ---------------  --------  ---------------------  ------  
scan/count/counter__i1/CK->scan/count/counter__i1/Q
                                          SLICE_R15C3C       CLK_TO_Q1_DELAY     1.388                  6.887  2       
scan/count/counter[1]                                        NET DELAY           2.353                  9.240  2       
scan/count/i881_2_lut/A->scan/count/i881_2_lut/Z
                                          SLICE_R16C5D       D0_TO_F0_DELAY      0.449                  9.689  1       
scan/count/n976                                              NET DELAY           3.146                 12.835  1       
scan/count/i889_4_lut/C->scan/count/i889_4_lut/Z
                                          SLICE_R16C3D       A1_TO_F1_DELAY      0.449                 13.284  1       
scan/count/n984                                              NET DELAY           2.551                 15.835  1       
scan/count/i1_4_lut/C->scan/count/i1_4_lut/Z
                                          SLICE_R16C4B       A1_TO_F1_DELAY      0.449                 16.284  24      
scan/count/n47                                               NET DELAY           3.080                 19.364  24      
scan/count/i549_2_lut/B->scan/count/i549_2_lut/Z
                                          SLICE_R15C3D       B0_TO_F0_DELAY      0.476                 19.840  1       
scan/count/n39[3]                                            NET DELAY           0.000                 19.840  1       
scan/count/counter__i3/D                                     ENDPOINT            0.000                 19.840  1       


Destination Clock Path
Name                                      Cell/Site Name     Delay Name       Incr      Arrival/Required Time  Fanout  
----------------------------------------  -----------------  ---------------  --------  ---------------------  ------  
                                                             CONSTRAINT          0.000                 41.666  1       
hf_osc/CLKHF                              HFOSC_HFOSC_R1C32  CLOCK LATENCY       0.000                 41.666  13      
scan/count/int_osc                                           NET DELAY           5.499                 47.165  13      
{scan/count/counter__i3/CK   scan/count/counter__i2/CK}
                                                             CLOCK PIN           0.000                 47.165  1       
                                                             Uncertainty      -(0.000)                 47.165  
                                                             Setup time       -(0.198)                 46.967  
----------------------------------------  -----------------  ---------------  --------  ---------------------  ------  
Required Time                                                                                          46.967  
Arrival Time                                                                                        -(19.839)  
----------------------------------------  -----------------  ---------------  --------  ---------------------  ------  
Path Slack  (Passed)                                                                                   27.127  




++++ Path 9 ++++++++++++++++++++++++++++++++++++++++++++++++++++++++++ 

Path Begin       : scan/count/counter__i1/Q  (SLICE_R15C3C)
Path End         : scan/count/counter__i5/D  (SLICE_R15C3A)
Source Clock     : int_osc (R)
Destination Clock: int_osc (R)
Logic Level      : 5
Delay Ratio      : 77.6% (route), 22.4% (logic)
Clock Skew       : 0.000 ns 
Setup Constraint : 41.666 ns 
Path Slack       : 27.127 ns  (Passed)


Source Clock Path
Name                                      Cell/Site Name     Delay Name       Incr      Arrival/Required Time  Fanout  
----------------------------------------  -----------------  ---------------  --------  ---------------------  ------  
hf_osc/CLKHF                              HFOSC_HFOSC_R1C32  CLOCK LATENCY       0.000                  0.000  13      
scan/count/int_osc                                           NET DELAY           5.499                  5.499  13      
{scan/count/counter__i0/CK   scan/count/counter__i1/CK}
                                                             CLOCK PIN           0.000                  5.499  1       


Data Path
Name                                      Cell/Site Name     Delay Name       Incr      Arrival/Required Time  Fanout  
----------------------------------------  -----------------  ---------------  --------  ---------------------  ------  
scan/count/counter__i1/CK->scan/count/counter__i1/Q
                                          SLICE_R15C3C       CLK_TO_Q1_DELAY     1.388                  6.887  2       
scan/count/counter[1]                                        NET DELAY           2.353                  9.240  2       
scan/count/i881_2_lut/A->scan/count/i881_2_lut/Z
                                          SLICE_R16C5D       D0_TO_F0_DELAY      0.449                  9.689  1       
scan/count/n976                                              NET DELAY           3.146                 12.835  1       
scan/count/i889_4_lut/C->scan/count/i889_4_lut/Z
                                          SLICE_R16C3D       A1_TO_F1_DELAY      0.449                 13.284  1       
scan/count/n984                                              NET DELAY           2.551                 15.835  1       
scan/count/i1_4_lut/C->scan/count/i1_4_lut/Z
                                          SLICE_R16C4B       A1_TO_F1_DELAY      0.449                 16.284  24      
scan/count/n47                                               NET DELAY           3.080                 19.364  24      
scan/count/i547_2_lut/B->scan/count/i547_2_lut/Z
                                          SLICE_R15C3A       B0_TO_F0_DELAY      0.476                 19.840  1       
scan/count/n39[5]                                            NET DELAY           0.000                 19.840  1       
scan/count/counter__i5/D                                     ENDPOINT            0.000                 19.840  1       


Destination Clock Path
Name                                      Cell/Site Name     Delay Name       Incr      Arrival/Required Time  Fanout  
----------------------------------------  -----------------  ---------------  --------  ---------------------  ------  
                                                             CONSTRAINT          0.000                 41.666  1       
hf_osc/CLKHF                              HFOSC_HFOSC_R1C32  CLOCK LATENCY       0.000                 41.666  13      
scan/count/int_osc                                           NET DELAY           5.499                 47.165  13      
{scan/count/counter__i5/CK   scan/count/counter__i4/CK}
                                                             CLOCK PIN           0.000                 47.165  1       
                                                             Uncertainty      -(0.000)                 47.165  
                                                             Setup time       -(0.198)                 46.967  
----------------------------------------  -----------------  ---------------  --------  ---------------------  ------  
Required Time                                                                                          46.967  
Arrival Time                                                                                        -(19.839)  
----------------------------------------  -----------------  ---------------  --------  ---------------------  ------  
Path Slack  (Passed)                                                                                   27.127  




++++ Path 10 ++++++++++++++++++++++++++++++++++++++++++++++++++++++++++ 

Path Begin       : scan/count/counter__i1/Q  (SLICE_R15C3C)
Path End         : scan/count/counter__i7/D  (SLICE_R15C3B)
Source Clock     : int_osc (R)
Destination Clock: int_osc (R)
Logic Level      : 5
Delay Ratio      : 77.6% (route), 22.4% (logic)
Clock Skew       : 0.000 ns 
Setup Constraint : 41.666 ns 
Path Slack       : 27.127 ns  (Passed)


Source Clock Path
Name                                      Cell/Site Name     Delay Name       Incr      Arrival/Required Time  Fanout  
----------------------------------------  -----------------  ---------------  --------  ---------------------  ------  
hf_osc/CLKHF                              HFOSC_HFOSC_R1C32  CLOCK LATENCY       0.000                  0.000  13      
scan/count/int_osc                                           NET DELAY           5.499                  5.499  13      
{scan/count/counter__i0/CK   scan/count/counter__i1/CK}
                                                             CLOCK PIN           0.000                  5.499  1       


Data Path
Name                                      Cell/Site Name     Delay Name       Incr      Arrival/Required Time  Fanout  
----------------------------------------  -----------------  ---------------  --------  ---------------------  ------  
scan/count/counter__i1/CK->scan/count/counter__i1/Q
                                          SLICE_R15C3C       CLK_TO_Q1_DELAY     1.388                  6.887  2       
scan/count/counter[1]                                        NET DELAY           2.353                  9.240  2       
scan/count/i881_2_lut/A->scan/count/i881_2_lut/Z
                                          SLICE_R16C5D       D0_TO_F0_DELAY      0.449                  9.689  1       
scan/count/n976                                              NET DELAY           3.146                 12.835  1       
scan/count/i889_4_lut/C->scan/count/i889_4_lut/Z
                                          SLICE_R16C3D       A1_TO_F1_DELAY      0.449                 13.284  1       
scan/count/n984                                              NET DELAY           2.551                 15.835  1       
scan/count/i1_4_lut/C->scan/count/i1_4_lut/Z
                                          SLICE_R16C4B       A1_TO_F1_DELAY      0.449                 16.284  24      
scan/count/n47                                               NET DELAY           3.080                 19.364  24      
scan/count/i543_2_lut/B->scan/count/i543_2_lut/Z
                                          SLICE_R15C3B       B0_TO_F0_DELAY      0.476                 19.840  1       
scan/count/n39[7]                                            NET DELAY           0.000                 19.840  1       
scan/count/counter__i7/D                                     ENDPOINT            0.000                 19.840  1       


Destination Clock Path
Name                                      Cell/Site Name     Delay Name       Incr      Arrival/Required Time  Fanout  
----------------------------------------  -----------------  ---------------  --------  ---------------------  ------  
                                                             CONSTRAINT          0.000                 41.666  1       
hf_osc/CLKHF                              HFOSC_HFOSC_R1C32  CLOCK LATENCY       0.000                 41.666  13      
scan/count/int_osc                                           NET DELAY           5.499                 47.165  13      
{scan/count/counter__i7/CK   scan/count/counter__i6/CK}
                                                             CLOCK PIN           0.000                 47.165  1       
                                                             Uncertainty      -(0.000)                 47.165  
                                                             Setup time       -(0.198)                 46.967  
----------------------------------------  -----------------  ---------------  --------  ---------------------  ------  
Required Time                                                                                          46.967  
Arrival Time                                                                                        -(19.839)  
----------------------------------------  -----------------  ---------------  --------  ---------------------  ------  
Path Slack  (Passed)                                                                                   27.127  



+++++++++++++++++++++++++++++++++++++++++++++++++++++++++++++++++++++ 
                    End of Detailed Report for timing paths 
+++++++++++++++++++++++++++++++++++++++++++++++++++++++++++++++++++++ 


##########################################################



===============================================================
3  Hold at Speed Grade m Corner at -40 Degrees
===============================================================

3.1  Endpoint slacks
=======================
-------------------------------------------------------
          Listing 10 End Points          |    Slack    
-------------------------------------------------------
scan/count/counter__i23/D                |    3.143 ns 
scan/count/counter__i22/D                |    3.143 ns 
scan/count/counter__i11/D                |    3.143 ns 
scan/count/counter__i10/D                |    3.143 ns 
scan/count/counter__i1/D                 |    3.143 ns 
scan/count/counter__i3/D                 |    3.143 ns 
scan/count/counter__i2/D                 |    3.143 ns 
scan/count/counter__i5/D                 |    3.143 ns 
scan/count/counter__i4/D                 |    3.143 ns 
scan/count/counter__i7/D                 |    3.143 ns 
-------------------------------------------------------
                                         |             
Hold # of endpoints with negative slack: |           0 
                                         |             
-------------------------------------------------------

3.2  Detailed Report
=======================


XXXXXXXXXXXXXXXXXXXXXXXXXXXXXXXXXXXXXXXXXXXXXXXXXXXXXXXXXX

Detail report of critical paths

XXXXXXXXXXXXXXXXXXXXXXXXXXXXXXXXXXXXXXXXXXXXXXXXXXXXXXXXXX

+++++++++++++++++++++++++++++++++++++++++++++++++++++++++++++++++++++ 
                    Detailed Report for timing paths 
+++++++++++++++++++++++++++++++++++++++++++++++++++++++++++++++++++++ 

++++ Path 1 ++++++++++++++++++++++++++++++++++++++++++++++++++++++++++ 

Path Begin       : scan/count/counter__i23/Q  (SLICE_R15C6A)
Path End         : scan/count/counter__i23/D  (SLICE_R15C6A)
Source Clock     : int_osc (R)
Destination Clock: int_osc (R)
Logic Level      : 3
Delay Ratio      : 58.7% (route), 41.3% (logic)
Clock Skew       : 0.000 ns 
Hold Constraint  : 0.000 ns 
Path Slack       : 3.143 ns  (Passed)


Source Clock Path
Name                                      Cell/Site Name     Delay Name       Incr   Arrival/Required Time  Fanout  
----------------------------------------  -----------------  ---------------  -----  ---------------------  ------  
hf_osc/CLKHF                              HFOSC_HFOSC_R1C32  CLOCK LATENCY    0.000                  0.000  14      
scan/count/int_osc                                           NET DELAY        3.084                  3.084  14      
{scan/count/counter__i23/CK   scan/count/counter__i22/CK}
                                                             CLOCK PIN        0.000                  3.084  1       


Data Path
Name                                      Cell/Site Name     Delay Name       Incr   Arrival/Required Time  Fanout  
----------------------------------------  -----------------  ---------------  -----  ---------------------  ------  
scan/count/counter__i23/CK->scan/count/counter__i23/Q
                                          SLICE_R15C6A       CLK_TO_Q0_DELAY  0.779                  3.863  6       
scan/count/counter[23]                                       NET DELAY        0.912                  4.775  6       
scan/count/add_11_add_5_25/B0->scan/count/add_11_add_5_25/S0
                                          SLICE_R14C6A       B0_TO_F0_DELAY   0.266                  5.041  1       
scan/count/n127[23]                                          NET DELAY        0.934                  5.975  1       
scan/count/i475_2_lut/A->scan/count/i475_2_lut/Z
                                          SLICE_R15C6A       D0_TO_F0_DELAY   0.252                  6.227  1       
scan/count/n39[23]                                           NET DELAY        0.000                  6.227  1       
scan/count/counter__i23/D                                    ENDPOINT         0.000                  6.227  1       


Destination Clock Path
Name                                      Cell/Site Name     Delay Name       Incr   Arrival/Required Time  Fanout  
----------------------------------------  -----------------  ---------------  -----  ---------------------  ------  
                                                             CONSTRAINT       0.000                  0.000  1       
hf_osc/CLKHF                              HFOSC_HFOSC_R1C32  CLOCK LATENCY    0.000                  0.000  14      
scan/count/int_osc                                           NET DELAY        3.084                  3.084  14      
{scan/count/counter__i23/CK   scan/count/counter__i22/CK}
                                                             CLOCK PIN        0.000                  3.084  1       
                                                             Uncertainty      0.000                  3.084  
                                                             Hold time        0.000                  3.084  
----------------------------------------  -----------------  ---------------  -----  ---------------------  ------  
Required Time                                                                                       -3.084  
Arrival Time                                                                                         6.227  
----------------------------------------  -----------------  ---------------  -----  ---------------------  ------  
Path Slack  (Passed)                                                                                 3.143  




++++ Path 2 ++++++++++++++++++++++++++++++++++++++++++++++++++++++++++ 

Path Begin       : scan/count/counter__i22/Q  (SLICE_R15C6A)
Path End         : scan/count/counter__i22/D  (SLICE_R15C6A)
Source Clock     : int_osc (R)
Destination Clock: int_osc (R)
Logic Level      : 3
Delay Ratio      : 58.7% (route), 41.3% (logic)
Clock Skew       : 0.000 ns 
Hold Constraint  : 0.000 ns 
Path Slack       : 3.143 ns  (Passed)


Source Clock Path
Name                                      Cell/Site Name     Delay Name       Incr   Arrival/Required Time  Fanout  
----------------------------------------  -----------------  ---------------  -----  ---------------------  ------  
hf_osc/CLKHF                              HFOSC_HFOSC_R1C32  CLOCK LATENCY    0.000                  0.000  14      
scan/count/int_osc                                           NET DELAY        3.084                  3.084  14      
{scan/count/counter__i23/CK   scan/count/counter__i22/CK}
                                                             CLOCK PIN        0.000                  3.084  1       


Data Path
Name                                      Cell/Site Name     Delay Name       Incr   Arrival/Required Time  Fanout  
----------------------------------------  -----------------  ---------------  -----  ---------------------  ------  
scan/count/counter__i22/CK->scan/count/counter__i22/Q
                                          SLICE_R15C6A       CLK_TO_Q1_DELAY  0.779                  3.863  5       
scan/count/counter[22]                                       NET DELAY        0.912                  4.775  5       
scan/count/add_11_add_5_23/B1->scan/count/add_11_add_5_23/S1
                                          SLICE_R14C5D       B1_TO_F1_DELAY   0.266                  5.041  1       
scan/count/n127[22]                                          NET DELAY        0.934                  5.975  1       
scan/count/i476_2_lut/A->scan/count/i476_2_lut/Z
                                          SLICE_R15C6A       D1_TO_F1_DELAY   0.252                  6.227  1       
scan/count/n39[22]                                           NET DELAY        0.000                  6.227  1       
scan/count/counter__i22/D                                    ENDPOINT         0.000                  6.227  1       


Destination Clock Path
Name                                      Cell/Site Name     Delay Name       Incr   Arrival/Required Time  Fanout  
----------------------------------------  -----------------  ---------------  -----  ---------------------  ------  
                                                             CONSTRAINT       0.000                  0.000  1       
hf_osc/CLKHF                              HFOSC_HFOSC_R1C32  CLOCK LATENCY    0.000                  0.000  14      
scan/count/int_osc                                           NET DELAY        3.084                  3.084  14      
{scan/count/counter__i23/CK   scan/count/counter__i22/CK}
                                                             CLOCK PIN        0.000                  3.084  1       
                                                             Uncertainty      0.000                  3.084  
                                                             Hold time        0.000                  3.084  
----------------------------------------  -----------------  ---------------  -----  ---------------------  ------  
Required Time                                                                                       -3.084  
Arrival Time                                                                                         6.227  
----------------------------------------  -----------------  ---------------  -----  ---------------------  ------  
Path Slack  (Passed)                                                                                 3.143  




++++ Path 3 ++++++++++++++++++++++++++++++++++++++++++++++++++++++++++ 

Path Begin       : scan/count/counter__i11/Q  (SLICE_R15C4A)
Path End         : scan/count/counter__i11/D  (SLICE_R15C4A)
Source Clock     : int_osc (R)
Destination Clock: int_osc (R)
Logic Level      : 3
Delay Ratio      : 58.7% (route), 41.3% (logic)
Clock Skew       : 0.000 ns 
Hold Constraint  : 0.000 ns 
Path Slack       : 3.143 ns  (Passed)


Source Clock Path
Name                                      Cell/Site Name     Delay Name       Incr   Arrival/Required Time  Fanout  
----------------------------------------  -----------------  ---------------  -----  ---------------------  ------  
hf_osc/CLKHF                              HFOSC_HFOSC_R1C32  CLOCK LATENCY    0.000                  0.000  14      
scan/count/int_osc                                           NET DELAY        3.084                  3.084  14      
{scan/count/counter__i11/CK   scan/count/counter__i10/CK}
                                                             CLOCK PIN        0.000                  3.084  1       


Data Path
Name                                      Cell/Site Name     Delay Name       Incr   Arrival/Required Time  Fanout  
----------------------------------------  -----------------  ---------------  -----  ---------------------  ------  
scan/count/counter__i11/CK->scan/count/counter__i11/Q
                                          SLICE_R15C4A       CLK_TO_Q0_DELAY  0.779                  3.863  5       
scan/count/counter[11]                                       NET DELAY        0.912                  4.775  5       
scan/count/add_11_add_5_13/B0->scan/count/add_11_add_5_13/S0
                                          SLICE_R14C4C       B0_TO_F0_DELAY   0.266                  5.041  1       
scan/count/n127[11]                                          NET DELAY        0.934                  5.975  1       
scan/count/i497_2_lut/A->scan/count/i497_2_lut/Z
                                          SLICE_R15C4A       D0_TO_F0_DELAY   0.252                  6.227  1       
scan/count/n39[11]                                           NET DELAY        0.000                  6.227  1       
scan/count/counter__i11/D                                    ENDPOINT         0.000                  6.227  1       


Destination Clock Path
Name                                      Cell/Site Name     Delay Name       Incr   Arrival/Required Time  Fanout  
----------------------------------------  -----------------  ---------------  -----  ---------------------  ------  
                                                             CONSTRAINT       0.000                  0.000  1       
hf_osc/CLKHF                              HFOSC_HFOSC_R1C32  CLOCK LATENCY    0.000                  0.000  14      
scan/count/int_osc                                           NET DELAY        3.084                  3.084  14      
{scan/count/counter__i11/CK   scan/count/counter__i10/CK}
                                                             CLOCK PIN        0.000                  3.084  1       
                                                             Uncertainty      0.000                  3.084  
                                                             Hold time        0.000                  3.084  
----------------------------------------  -----------------  ---------------  -----  ---------------------  ------  
Required Time                                                                                       -3.084  
Arrival Time                                                                                         6.227  
----------------------------------------  -----------------  ---------------  -----  ---------------------  ------  
Path Slack  (Passed)                                                                                 3.143  




++++ Path 4 ++++++++++++++++++++++++++++++++++++++++++++++++++++++++++ 

Path Begin       : scan/count/counter__i10/Q  (SLICE_R15C4A)
Path End         : scan/count/counter__i10/D  (SLICE_R15C4A)
Source Clock     : int_osc (R)
Destination Clock: int_osc (R)
Logic Level      : 3
Delay Ratio      : 58.7% (route), 41.3% (logic)
Clock Skew       : 0.000 ns 
Hold Constraint  : 0.000 ns 
Path Slack       : 3.143 ns  (Passed)


Source Clock Path
Name                                      Cell/Site Name     Delay Name       Incr   Arrival/Required Time  Fanout  
----------------------------------------  -----------------  ---------------  -----  ---------------------  ------  
hf_osc/CLKHF                              HFOSC_HFOSC_R1C32  CLOCK LATENCY    0.000                  0.000  14      
scan/count/int_osc                                           NET DELAY        3.084                  3.084  14      
{scan/count/counter__i11/CK   scan/count/counter__i10/CK}
                                                             CLOCK PIN        0.000                  3.084  1       


Data Path
Name                                      Cell/Site Name     Delay Name       Incr   Arrival/Required Time  Fanout  
----------------------------------------  -----------------  ---------------  -----  ---------------------  ------  
scan/count/counter__i10/CK->scan/count/counter__i10/Q
                                          SLICE_R15C4A       CLK_TO_Q1_DELAY  0.779                  3.863  5       
scan/count/counter[10]                                       NET DELAY        0.912                  4.775  5       
scan/count/add_11_add_5_11/B1->scan/count/add_11_add_5_11/S1
                                          SLICE_R14C4B       B1_TO_F1_DELAY   0.266                  5.041  1       
scan/count/n127[10]                                          NET DELAY        0.934                  5.975  1       
scan/count/i498_2_lut/A->scan/count/i498_2_lut/Z
                                          SLICE_R15C4A       D1_TO_F1_DELAY   0.252                  6.227  1       
scan/count/n39[10]                                           NET DELAY        0.000                  6.227  1       
scan/count/counter__i10/D                                    ENDPOINT         0.000                  6.227  1       


Destination Clock Path
Name                                      Cell/Site Name     Delay Name       Incr   Arrival/Required Time  Fanout  
----------------------------------------  -----------------  ---------------  -----  ---------------------  ------  
                                                             CONSTRAINT       0.000                  0.000  1       
hf_osc/CLKHF                              HFOSC_HFOSC_R1C32  CLOCK LATENCY    0.000                  0.000  14      
scan/count/int_osc                                           NET DELAY        3.084                  3.084  14      
{scan/count/counter__i11/CK   scan/count/counter__i10/CK}
                                                             CLOCK PIN        0.000                  3.084  1       
                                                             Uncertainty      0.000                  3.084  
                                                             Hold time        0.000                  3.084  
----------------------------------------  -----------------  ---------------  -----  ---------------------  ------  
Required Time                                                                                       -3.084  
Arrival Time                                                                                         6.227  
----------------------------------------  -----------------  ---------------  -----  ---------------------  ------  
Path Slack  (Passed)                                                                                 3.143  




++++ Path 5 ++++++++++++++++++++++++++++++++++++++++++++++++++++++++++ 

Path Begin       : scan/count/counter__i1/Q  (SLICE_R15C3C)
Path End         : scan/count/counter__i1/D  (SLICE_R15C3C)
Source Clock     : int_osc (R)
Destination Clock: int_osc (R)
Logic Level      : 3
Delay Ratio      : 58.7% (route), 41.3% (logic)
Clock Skew       : 0.000 ns 
Hold Constraint  : 0.000 ns 
Path Slack       : 3.143 ns  (Passed)


Source Clock Path
Name                                      Cell/Site Name     Delay Name       Incr   Arrival/Required Time  Fanout  
----------------------------------------  -----------------  ---------------  -----  ---------------------  ------  
hf_osc/CLKHF                              HFOSC_HFOSC_R1C32  CLOCK LATENCY    0.000                  0.000  14      
scan/count/int_osc                                           NET DELAY        3.084                  3.084  14      
{scan/count/counter__i0/CK   scan/count/counter__i1/CK}
                                                             CLOCK PIN        0.000                  3.084  1       


Data Path
Name                                      Cell/Site Name     Delay Name       Incr   Arrival/Required Time  Fanout  
----------------------------------------  -----------------  ---------------  -----  ---------------------  ------  
scan/count/counter__i1/CK->scan/count/counter__i1/Q
                                          SLICE_R15C3C       CLK_TO_Q1_DELAY  0.779                  3.863  2       
scan/count/counter[1]                                        NET DELAY        0.912                  4.775  2       
scan/count/add_11_add_5_3/B0->scan/count/add_11_add_5_3/S0
                                          SLICE_R14C3B       B0_TO_F0_DELAY   0.266                  5.041  1       
scan/count/n127[1]                                           NET DELAY        0.934                  5.975  1       
scan/count/i565_2_lut/A->scan/count/i565_2_lut/Z
                                          SLICE_R15C3C       D1_TO_F1_DELAY   0.252                  6.227  1       
scan/count/n39[1]                                            NET DELAY        0.000                  6.227  1       
scan/count/counter__i1/D                                     ENDPOINT         0.000                  6.227  1       


Destination Clock Path
Name                                      Cell/Site Name     Delay Name       Incr   Arrival/Required Time  Fanout  
----------------------------------------  -----------------  ---------------  -----  ---------------------  ------  
                                                             CONSTRAINT       0.000                  0.000  1       
hf_osc/CLKHF                              HFOSC_HFOSC_R1C32  CLOCK LATENCY    0.000                  0.000  14      
scan/count/int_osc                                           NET DELAY        3.084                  3.084  14      
{scan/count/counter__i0/CK   scan/count/counter__i1/CK}
                                                             CLOCK PIN        0.000                  3.084  1       
                                                             Uncertainty      0.000                  3.084  
                                                             Hold time        0.000                  3.084  
----------------------------------------  -----------------  ---------------  -----  ---------------------  ------  
Required Time                                                                                       -3.084  
Arrival Time                                                                                         6.227  
----------------------------------------  -----------------  ---------------  -----  ---------------------  ------  
Path Slack  (Passed)                                                                                 3.143  




++++ Path 6 ++++++++++++++++++++++++++++++++++++++++++++++++++++++++++ 

Path Begin       : scan/count/counter__i3/Q  (SLICE_R15C3D)
Path End         : scan/count/counter__i3/D  (SLICE_R15C3D)
Source Clock     : int_osc (R)
Destination Clock: int_osc (R)
Logic Level      : 3
Delay Ratio      : 58.7% (route), 41.3% (logic)
Clock Skew       : 0.000 ns 
Hold Constraint  : 0.000 ns 
Path Slack       : 3.143 ns  (Passed)


Source Clock Path
Name                                      Cell/Site Name     Delay Name       Incr   Arrival/Required Time  Fanout  
----------------------------------------  -----------------  ---------------  -----  ---------------------  ------  
hf_osc/CLKHF                              HFOSC_HFOSC_R1C32  CLOCK LATENCY    0.000                  0.000  14      
scan/count/int_osc                                           NET DELAY        3.084                  3.084  14      
{scan/count/counter__i3/CK   scan/count/counter__i2/CK}
                                                             CLOCK PIN        0.000                  3.084  1       


Data Path
Name                                      Cell/Site Name     Delay Name       Incr   Arrival/Required Time  Fanout  
----------------------------------------  -----------------  ---------------  -----  ---------------------  ------  
scan/count/counter__i3/CK->scan/count/counter__i3/Q
                                          SLICE_R15C3D       CLK_TO_Q0_DELAY  0.779                  3.863  2       
scan/count/counter[3]                                        NET DELAY        0.912                  4.775  2       
scan/count/add_11_add_5_5/B0->scan/count/add_11_add_5_5/S0
                                          SLICE_R14C3C       B0_TO_F0_DELAY   0.266                  5.041  1       
scan/count/n127[3]                                           NET DELAY        0.934                  5.975  1       
scan/count/i549_2_lut/A->scan/count/i549_2_lut/Z
                                          SLICE_R15C3D       D0_TO_F0_DELAY   0.252                  6.227  1       
scan/count/n39[3]                                            NET DELAY        0.000                  6.227  1       
scan/count/counter__i3/D                                     ENDPOINT         0.000                  6.227  1       


Destination Clock Path
Name                                      Cell/Site Name     Delay Name       Incr   Arrival/Required Time  Fanout  
----------------------------------------  -----------------  ---------------  -----  ---------------------  ------  
                                                             CONSTRAINT       0.000                  0.000  1       
hf_osc/CLKHF                              HFOSC_HFOSC_R1C32  CLOCK LATENCY    0.000                  0.000  14      
scan/count/int_osc                                           NET DELAY        3.084                  3.084  14      
{scan/count/counter__i3/CK   scan/count/counter__i2/CK}
                                                             CLOCK PIN        0.000                  3.084  1       
                                                             Uncertainty      0.000                  3.084  
                                                             Hold time        0.000                  3.084  
----------------------------------------  -----------------  ---------------  -----  ---------------------  ------  
Required Time                                                                                       -3.084  
Arrival Time                                                                                         6.227  
----------------------------------------  -----------------  ---------------  -----  ---------------------  ------  
Path Slack  (Passed)                                                                                 3.143  




++++ Path 7 ++++++++++++++++++++++++++++++++++++++++++++++++++++++++++ 

Path Begin       : scan/count/counter__i2/Q  (SLICE_R15C3D)
Path End         : scan/count/counter__i2/D  (SLICE_R15C3D)
Source Clock     : int_osc (R)
Destination Clock: int_osc (R)
Logic Level      : 3
Delay Ratio      : 58.7% (route), 41.3% (logic)
Clock Skew       : 0.000 ns 
Hold Constraint  : 0.000 ns 
Path Slack       : 3.143 ns  (Passed)


Source Clock Path
Name                                      Cell/Site Name     Delay Name       Incr   Arrival/Required Time  Fanout  
----------------------------------------  -----------------  ---------------  -----  ---------------------  ------  
hf_osc/CLKHF                              HFOSC_HFOSC_R1C32  CLOCK LATENCY    0.000                  0.000  14      
scan/count/int_osc                                           NET DELAY        3.084                  3.084  14      
{scan/count/counter__i3/CK   scan/count/counter__i2/CK}
                                                             CLOCK PIN        0.000                  3.084  1       


Data Path
Name                                      Cell/Site Name     Delay Name       Incr   Arrival/Required Time  Fanout  
----------------------------------------  -----------------  ---------------  -----  ---------------------  ------  
scan/count/counter__i2/CK->scan/count/counter__i2/Q
                                          SLICE_R15C3D       CLK_TO_Q1_DELAY  0.779                  3.863  2       
scan/count/counter[2]                                        NET DELAY        0.912                  4.775  2       
scan/count/add_11_add_5_3/B1->scan/count/add_11_add_5_3/S1
                                          SLICE_R14C3B       B1_TO_F1_DELAY   0.266                  5.041  1       
scan/count/n127[2]                                           NET DELAY        0.934                  5.975  1       
scan/count/i554_2_lut/A->scan/count/i554_2_lut/Z
                                          SLICE_R15C3D       D1_TO_F1_DELAY   0.252                  6.227  1       
scan/count/n39[2]                                            NET DELAY        0.000                  6.227  1       
scan/count/counter__i2/D                                     ENDPOINT         0.000                  6.227  1       


Destination Clock Path
Name                                      Cell/Site Name     Delay Name       Incr   Arrival/Required Time  Fanout  
----------------------------------------  -----------------  ---------------  -----  ---------------------  ------  
                                                             CONSTRAINT       0.000                  0.000  1       
hf_osc/CLKHF                              HFOSC_HFOSC_R1C32  CLOCK LATENCY    0.000                  0.000  14      
scan/count/int_osc                                           NET DELAY        3.084                  3.084  14      
{scan/count/counter__i3/CK   scan/count/counter__i2/CK}
                                                             CLOCK PIN        0.000                  3.084  1       
                                                             Uncertainty      0.000                  3.084  
                                                             Hold time        0.000                  3.084  
----------------------------------------  -----------------  ---------------  -----  ---------------------  ------  
Required Time                                                                                       -3.084  
Arrival Time                                                                                         6.227  
----------------------------------------  -----------------  ---------------  -----  ---------------------  ------  
Path Slack  (Passed)                                                                                 3.143  




++++ Path 8 ++++++++++++++++++++++++++++++++++++++++++++++++++++++++++ 

Path Begin       : scan/count/counter__i5/Q  (SLICE_R15C3A)
Path End         : scan/count/counter__i5/D  (SLICE_R15C3A)
Source Clock     : int_osc (R)
Destination Clock: int_osc (R)
Logic Level      : 3
Delay Ratio      : 58.7% (route), 41.3% (logic)
Clock Skew       : 0.000 ns 
Hold Constraint  : 0.000 ns 
Path Slack       : 3.143 ns  (Passed)


Source Clock Path
Name                                      Cell/Site Name     Delay Name       Incr   Arrival/Required Time  Fanout  
----------------------------------------  -----------------  ---------------  -----  ---------------------  ------  
hf_osc/CLKHF                              HFOSC_HFOSC_R1C32  CLOCK LATENCY    0.000                  0.000  14      
scan/count/int_osc                                           NET DELAY        3.084                  3.084  14      
{scan/count/counter__i5/CK   scan/count/counter__i4/CK}
                                                             CLOCK PIN        0.000                  3.084  1       


Data Path
Name                                      Cell/Site Name     Delay Name       Incr   Arrival/Required Time  Fanout  
----------------------------------------  -----------------  ---------------  -----  ---------------------  ------  
scan/count/counter__i5/CK->scan/count/counter__i5/Q
                                          SLICE_R15C3A       CLK_TO_Q0_DELAY  0.779                  3.863  2       
scan/count/counter[5]                                        NET DELAY        0.912                  4.775  2       
scan/count/add_11_add_5_7/B0->scan/count/add_11_add_5_7/S0
                                          SLICE_R14C3D       B0_TO_F0_DELAY   0.266                  5.041  1       
scan/count/n127[5]                                           NET DELAY        0.934                  5.975  1       
scan/count/i547_2_lut/A->scan/count/i547_2_lut/Z
                                          SLICE_R15C3A       D0_TO_F0_DELAY   0.252                  6.227  1       
scan/count/n39[5]                                            NET DELAY        0.000                  6.227  1       
scan/count/counter__i5/D                                     ENDPOINT         0.000                  6.227  1       


Destination Clock Path
Name                                      Cell/Site Name     Delay Name       Incr   Arrival/Required Time  Fanout  
----------------------------------------  -----------------  ---------------  -----  ---------------------  ------  
                                                             CONSTRAINT       0.000                  0.000  1       
hf_osc/CLKHF                              HFOSC_HFOSC_R1C32  CLOCK LATENCY    0.000                  0.000  14      
scan/count/int_osc                                           NET DELAY        3.084                  3.084  14      
{scan/count/counter__i5/CK   scan/count/counter__i4/CK}
                                                             CLOCK PIN        0.000                  3.084  1       
                                                             Uncertainty      0.000                  3.084  
                                                             Hold time        0.000                  3.084  
----------------------------------------  -----------------  ---------------  -----  ---------------------  ------  
Required Time                                                                                       -3.084  
Arrival Time                                                                                         6.227  
----------------------------------------  -----------------  ---------------  -----  ---------------------  ------  
Path Slack  (Passed)                                                                                 3.143  




++++ Path 9 ++++++++++++++++++++++++++++++++++++++++++++++++++++++++++ 

Path Begin       : scan/count/counter__i4/Q  (SLICE_R15C3A)
Path End         : scan/count/counter__i4/D  (SLICE_R15C3A)
Source Clock     : int_osc (R)
Destination Clock: int_osc (R)
Logic Level      : 3
Delay Ratio      : 58.7% (route), 41.3% (logic)
Clock Skew       : 0.000 ns 
Hold Constraint  : 0.000 ns 
Path Slack       : 3.143 ns  (Passed)


Source Clock Path
Name                                      Cell/Site Name     Delay Name       Incr   Arrival/Required Time  Fanout  
----------------------------------------  -----------------  ---------------  -----  ---------------------  ------  
hf_osc/CLKHF                              HFOSC_HFOSC_R1C32  CLOCK LATENCY    0.000                  0.000  14      
scan/count/int_osc                                           NET DELAY        3.084                  3.084  14      
{scan/count/counter__i5/CK   scan/count/counter__i4/CK}
                                                             CLOCK PIN        0.000                  3.084  1       


Data Path
Name                                      Cell/Site Name     Delay Name       Incr   Arrival/Required Time  Fanout  
----------------------------------------  -----------------  ---------------  -----  ---------------------  ------  
scan/count/counter__i4/CK->scan/count/counter__i4/Q
                                          SLICE_R15C3A       CLK_TO_Q1_DELAY  0.779                  3.863  2       
scan/count/counter[4]                                        NET DELAY        0.912                  4.775  2       
scan/count/add_11_add_5_5/B1->scan/count/add_11_add_5_5/S1
                                          SLICE_R14C3C       B1_TO_F1_DELAY   0.266                  5.041  1       
scan/count/n127[4]                                           NET DELAY        0.934                  5.975  1       
scan/count/i548_2_lut/A->scan/count/i548_2_lut/Z
                                          SLICE_R15C3A       D1_TO_F1_DELAY   0.252                  6.227  1       
scan/count/n39[4]                                            NET DELAY        0.000                  6.227  1       
scan/count/counter__i4/D                                     ENDPOINT         0.000                  6.227  1       


Destination Clock Path
Name                                      Cell/Site Name     Delay Name       Incr   Arrival/Required Time  Fanout  
----------------------------------------  -----------------  ---------------  -----  ---------------------  ------  
                                                             CONSTRAINT       0.000                  0.000  1       
hf_osc/CLKHF                              HFOSC_HFOSC_R1C32  CLOCK LATENCY    0.000                  0.000  14      
scan/count/int_osc                                           NET DELAY        3.084                  3.084  14      
{scan/count/counter__i5/CK   scan/count/counter__i4/CK}
                                                             CLOCK PIN        0.000                  3.084  1       
                                                             Uncertainty      0.000                  3.084  
                                                             Hold time        0.000                  3.084  
----------------------------------------  -----------------  ---------------  -----  ---------------------  ------  
Required Time                                                                                       -3.084  
Arrival Time                                                                                         6.227  
----------------------------------------  -----------------  ---------------  -----  ---------------------  ------  
Path Slack  (Passed)                                                                                 3.143  




++++ Path 10 ++++++++++++++++++++++++++++++++++++++++++++++++++++++++++ 

Path Begin       : scan/count/counter__i7/Q  (SLICE_R15C3B)
Path End         : scan/count/counter__i7/D  (SLICE_R15C3B)
Source Clock     : int_osc (R)
Destination Clock: int_osc (R)
Logic Level      : 3
Delay Ratio      : 58.7% (route), 41.3% (logic)
Clock Skew       : 0.000 ns 
Hold Constraint  : 0.000 ns 
Path Slack       : 3.143 ns  (Passed)


Source Clock Path
Name                                      Cell/Site Name     Delay Name       Incr   Arrival/Required Time  Fanout  
----------------------------------------  -----------------  ---------------  -----  ---------------------  ------  
hf_osc/CLKHF                              HFOSC_HFOSC_R1C32  CLOCK LATENCY    0.000                  0.000  14      
scan/count/int_osc                                           NET DELAY        3.084                  3.084  14      
{scan/count/counter__i7/CK   scan/count/counter__i6/CK}
                                                             CLOCK PIN        0.000                  3.084  1       


Data Path
Name                                      Cell/Site Name     Delay Name       Incr   Arrival/Required Time  Fanout  
----------------------------------------  -----------------  ---------------  -----  ---------------------  ------  
scan/count/counter__i7/CK->scan/count/counter__i7/Q
                                          SLICE_R15C3B       CLK_TO_Q0_DELAY  0.779                  3.863  4       
scan/count/counter[7]                                        NET DELAY        0.912                  4.775  4       
scan/count/add_11_add_5_9/B0->scan/count/add_11_add_5_9/S0
                                          SLICE_R14C4A       B0_TO_F0_DELAY   0.266                  5.041  1       
scan/count/n127[7]                                           NET DELAY        0.934                  5.975  1       
scan/count/i543_2_lut/A->scan/count/i543_2_lut/Z
                                          SLICE_R15C3B       D0_TO_F0_DELAY   0.252                  6.227  1       
scan/count/n39[7]                                            NET DELAY        0.000                  6.227  1       
scan/count/counter__i7/D                                     ENDPOINT         0.000                  6.227  1       


Destination Clock Path
Name                                      Cell/Site Name     Delay Name       Incr   Arrival/Required Time  Fanout  
----------------------------------------  -----------------  ---------------  -----  ---------------------  ------  
                                                             CONSTRAINT       0.000                  0.000  1       
hf_osc/CLKHF                              HFOSC_HFOSC_R1C32  CLOCK LATENCY    0.000                  0.000  14      
scan/count/int_osc                                           NET DELAY        3.084                  3.084  14      
{scan/count/counter__i7/CK   scan/count/counter__i6/CK}
                                                             CLOCK PIN        0.000                  3.084  1       
                                                             Uncertainty      0.000                  3.084  
                                                             Hold time        0.000                  3.084  
----------------------------------------  -----------------  ---------------  -----  ---------------------  ------  
Required Time                                                                                       -3.084  
Arrival Time                                                                                         6.227  
----------------------------------------  -----------------  ---------------  -----  ---------------------  ------  
Path Slack  (Passed)                                                                                 3.143  



+++++++++++++++++++++++++++++++++++++++++++++++++++++++++++++++++++++ 
                    End of Detailed Report for timing paths 
+++++++++++++++++++++++++++++++++++++++++++++++++++++++++++++++++++++ 


##########################################################



